{
    "name": "root",
    "metadata": {
        "timer_format_version": "0.1.0",
        "start_time_seconds": "1665635808",
        "python_version": "3.8.14 (default, Sep  6 2022, 23:17:06) \n[Clang 13.1.6 (clang-1316.0.21.2.5)]",
        "command_line_arguments": "/Users/jorisborsboom/git/intuitlab/mlagents_env_38/bin/mlagents-learn Kart Agent.yaml --run-id=Steering_2 --resume",
        "mlagents_version": "0.29.0.dev0",
        "mlagents_envs_version": "0.29.0.dev0",
        "communication_protocol_version": "1.5.0",
        "pytorch_version": "1.10.2",
        "numpy_version": "1.23.3",
        "end_time_seconds": "1665639055"
    },
    "total": 3246.351523416,
    "count": 1,
    "self": 0.004422499999691354,
    "children": {
        "run_training.setup": {
            "total": 0.02222779099999994,
            "count": 1,
            "self": 0.02222779099999994
        },
        "TrainerController.start_learning": {
            "total": 3246.324873125,
            "count": 1,
            "self": 1.7405733340247025,
            "children": {
                "TrainerController._reset_env": {
                    "total": 9.110667834,
                    "count": 1,
                    "self": 9.110667834
                },
                "TrainerController.advance": {
                    "total": 3235.423947831975,
                    "count": 92586,
                    "self": 0.8586835119699572,
                    "children": {
                        "env_step": {
                            "total": 3234.565264320005,
                            "count": 92586,
                            "self": 2916.2048972910547,
                            "children": {
                                "SubprocessEnvManager._take_step": {
                                    "total": 317.4042900399665,
                                    "count": 92586,
                                    "self": 5.606470252048439,
                                    "children": {
                                        "TorchPolicy.evaluate": {
                                            "total": 311.79781978791806,
                                            "count": 88224,
                                            "self": 31.94349177293907,
                                            "children": {
                                                "TorchPolicy.sample_actions": {
                                                    "total": 279.854328014979,
                                                    "count": 88224,
                                                    "self": 279.854328014979
                                                }
                                            }
                                        }
                                    }
                                },
                                "workers": {
                                    "total": 0.956076988983952,
                                    "count": 92585,
                                    "self": 0.0,
                                    "children": {
                                        "worker_root": {
                                            "total": 3173.8232666289796,
                                            "count": 92585,
                                            "is_parallel": true,
                                            "self": 479.7745416699945,
                                            "children": {
                                                "steps_from_proto": {
                                                    "total": 0.0009138749999983986,
                                                    "count": 1,
                                                    "is_parallel": true,
                                                    "self": 0.00011341599999781238,
                                                    "children": {
                                                        "_process_rank_one_or_two_observation": {
                                                            "total": 0.0008004590000005862,
                                                            "count": 6,
                                                            "is_parallel": true,
                                                            "self": 0.0008004590000005862
                                                        }
                                                    }
                                                },
                                                "UnityEnvironment.step": {
                                                    "total": 2694.047811083985,
                                                    "count": 92585,
                                                    "is_parallel": true,
                                                    "self": 10.069887324019419,
                                                    "children": {
                                                        "UnityEnvironment._generate_step_input": {
                                                            "total": 77.87832064301341,
                                                            "count": 92585,
                                                            "is_parallel": true,
                                                            "self": 77.87832064301341
                                                        },
                                                        "communicator.exchange": {
                                                            "total": 2558.3268254649856,
                                                            "count": 92585,
                                                            "is_parallel": true,
                                                            "self": 2558.3268254649856
                                                        },
                                                        "steps_from_proto": {
                                                            "total": 47.77277765196639,
                                                            "count": 92585,
                                                            "is_parallel": true,
                                                            "self": 12.148087573988235,
                                                            "children": {
                                                                "_process_rank_one_or_two_observation": {
                                                                    "total": 35.62469007797816,
                                                                    "count": 555510,
                                                                    "is_parallel": true,
                                                                    "self": 35.62469007797816
                                                                }
                                                            }
                                                        }
                                                    }
                                                }
                                            }
                                        }
                                    }
                                }
                            }
                        }
                    }
                },
                "TrainerController._save_models": {
                    "total": 0.049684125000112545,
                    "count": 1,
                    "self": 0.0008627500001239241,
                    "children": {
                        "RLTrainer._checkpoint": {
                            "total": 0.04882137499998862,
                            "count": 1,
                            "self": 0.04882137499998862
                        }
                    }
                }
            }
        }
    }
}