{
    "name": "root",
    "metadata": {
        "timer_format_version": "0.1.0",
        "start_time_seconds": "1665570815",
        "python_version": "3.8.14 (default, Sep  6 2022, 23:17:06) \n[Clang 13.1.6 (clang-1316.0.21.2.5)]",
        "command_line_arguments": "/Users/jorisborsboom/git/intuitlab/mlagents_env_38/bin/mlagents-learn Kart Agent.yaml --run-id=Faster_clear",
        "mlagents_version": "0.29.0.dev0",
        "mlagents_envs_version": "0.29.0.dev0",
        "communication_protocol_version": "1.5.0",
        "pytorch_version": "1.10.2",
        "numpy_version": "1.23.3",
        "end_time_seconds": "1665578148"
    },
    "total": 7333.196372542,
    "count": 1,
    "self": 0.003917751000699354,
    "children": {
        "run_training.setup": {
            "total": 0.020455124999999907,
            "count": 1,
            "self": 0.020455124999999907
        },
        "TrainerController.start_learning": {
            "total": 7333.1719996659995,
            "count": 1,
            "self": 3.5522598431070946,
            "children": {
                "TrainerController._reset_env": {
                    "total": 5.574360416999999,
                    "count": 1,
                    "self": 5.574360416999999
                },
                "TrainerController.advance": {
                    "total": 7324.003195905892,
                    "count": 286278,
                    "self": 1.7594335179237532,
                    "children": {
                        "env_step": {
                            "total": 7322.243762387969,
                            "count": 286278,
                            "self": 6596.809006331126,
                            "children": {
                                "SubprocessEnvManager._take_step": {
                                    "total": 723.3175980808624,
                                    "count": 286278,
                                    "self": 13.399101273048927,
                                    "children": {
                                        "TorchPolicy.evaluate": {
                                            "total": 709.9184968078134,
                                            "count": 276151,
                                            "self": 46.79292231684042,
                                            "children": {
                                                "TorchPolicy.sample_actions": {
                                                    "total": 663.125574490973,
                                                    "count": 276151,
                                                    "self": 663.125574490973
                                                }
                                            }
                                        }
                                    }
                                },
                                "workers": {
                                    "total": 2.117157975980593,
                                    "count": 286277,
                                    "self": 0.0,
                                    "children": {
                                        "worker_root": {
                                            "total": 7261.481251059233,
                                            "count": 286277,
                                            "is_parallel": true,
                                            "self": 1061.9929738201881,
                                            "children": {
                                                "steps_from_proto": {
                                                    "total": 0.0006819999999994053,
                                                    "count": 1,
                                                    "is_parallel": true,
                                                    "self": 0.00010483299999908269,
                                                    "children": {
                                                        "_process_rank_one_or_two_observation": {
                                                            "total": 0.0005771670000003226,
                                                            "count": 6,
                                                            "is_parallel": true,
                                                            "self": 0.0005771670000003226
                                                        }
                                                    }
                                                },
                                                "UnityEnvironment.step": {
                                                    "total": 6199.487595239045,
                                                    "count": 286277,
                                                    "is_parallel": true,
                                                    "self": 20.756427197203266,
                                                    "children": {
                                                        "UnityEnvironment._generate_step_input": {
                                                            "total": 161.14853969106275,
                                                            "count": 286277,
                                                            "is_parallel": true,
                                                            "self": 161.14853969106275
                                                        },
                                                        "communicator.exchange": {
                                                            "total": 5927.312570150893,
                                                            "count": 286277,
                                                            "is_parallel": true,
                                                            "self": 5927.312570150893
                                                        },
                                                        "steps_from_proto": {
                                                            "total": 90.27005819988504,
                                                            "count": 286277,
                                                            "is_parallel": true,
                                                            "self": 20.93048937353052,
                                                            "children": {
                                                                "_process_rank_one_or_two_observation": {
                                                                    "total": 69.33956882635452,
                                                                    "count": 1717662,
                                                                    "is_parallel": true,
                                                                    "self": 69.33956882635452
                                                                }
                                                            }
                                                        }
                                                    }
                                                }
                                            }
                                        }
                                    }
                                }
                            }
                        }
                    }
                },
                "TrainerController._save_models": {
                    "total": 0.04218349999973725,
                    "count": 1,
                    "self": 0.0005549999996219412,
                    "children": {
                        "RLTrainer._checkpoint": {
                            "total": 0.04162850000011531,
                            "count": 1,
                            "self": 0.04162850000011531
                        }
                    }
                }
            }
        }
    }
}